{"cameraMode":{"drawMode":0,"name":"Shaded","section":"Shading Mode"},"sceneLighting":false,"audioPlay":false,"sceneViewState":{"m_AlwaysRefresh":false,"showFog":true,"showSkybox":false,"showFlares":true,"showImageEffects":true,"showParticleSystems":true,"showVisualEffectGraphs":true,"m_FxEnabled":true},"in2DMode":false,"pivot":{"x":0.219849094748497,"y":2.262640953063965,"z":-5.277187824249268},"rotation":{"x":-0.18668238818645478,"y":-0.017095310613512994,"z":0.0032571221236139538,"w":-0.9822801947593689},"size":1.2247449159622193,"orthographic":false}