{"cameraMode":{"drawMode":0,"name":"Shaded","section":"Shading Mode"},"sceneLighting":true,"audioPlay":false,"sceneViewState":{"m_AlwaysRefresh":false,"showFog":true,"showSkybox":true,"showFlares":true,"showImageEffects":true,"showParticleSystems":true,"showVisualEffectGraphs":true,"m_FxEnabled":true},"in2DMode":false,"pivot":{"x":-0.5456466674804688,"y":2.7561542987823488,"z":3.953878402709961},"rotation":{"x":-0.0407903790473938,"y":-0.020385457202792169,"z":0.0008401130908168852,"w":-0.998968780040741},"size":7.15805721282959,"orthographic":false}