{"cameraMode":{"drawMode":0,"name":"Shaded","section":"Shading Mode"},"sceneLighting":true,"audioPlay":false,"sceneViewState":{"m_AlwaysRefresh":false,"showFog":true,"showSkybox":true,"showFlares":true,"showImageEffects":true,"showParticleSystems":true,"showVisualEffectGraphs":true,"m_FxEnabled":true},"in2DMode":false,"pivot":{"x":0.05217800289392471,"y":0.03976123780012131,"z":0.054091330617666247},"rotation":{"x":-0.1080973744392395,"y":-0.003879728727042675,"z":0.0004216016677673906,"w":-0.994134247303009},"size":7.923651218414307,"orthographic":false}