{"cameraMode":{"drawMode":0,"name":"Shaded","section":"Shading Mode"},"sceneLighting":false,"audioPlay":false,"sceneViewState":{"m_AlwaysRefresh":false,"showFog":true,"showSkybox":false,"showFlares":true,"showImageEffects":true,"showParticleSystems":true,"showVisualEffectGraphs":true,"m_FxEnabled":true},"in2DMode":false,"pivot":{"x":-0.339946985244751,"y":1.8555492162704468,"z":2.5660202503204347},"rotation":{"x":-0.11107907444238663,"y":0.00804811529815197,"z":-0.0008844212279655039,"w":-0.9937955737113953},"size":3.6346423625946047,"orthographic":false}