{"cameraMode":{"drawMode":0,"name":"Shaded","section":"Shading Mode"},"sceneLighting":false,"audioPlay":false,"sceneViewState":{"m_AlwaysRefresh":false,"showFog":true,"showSkybox":false,"showFlares":true,"showImageEffects":true,"showParticleSystems":true,"showVisualEffectGraphs":true,"m_FxEnabled":true},"in2DMode":false,"pivot":{"x":-2.083219051361084,"y":-103.80366516113281,"z":-76.98744201660156},"rotation":{"x":0.0008722074562683702,"y":-0.9092599153518677,"z":0.41624483466148379,"w":0.0019174485933035613},"size":102.14401245117188,"orthographic":false}