{"cameraMode":{"drawMode":0,"name":"Shaded","section":"Shading Mode"},"sceneLighting":false,"audioPlay":false,"sceneViewState":{"m_AlwaysRefresh":false,"showFog":true,"showSkybox":false,"showFlares":true,"showImageEffects":true,"showParticleSystems":true,"showVisualEffectGraphs":true,"m_FxEnabled":true},"in2DMode":false,"pivot":{"x":0.38814249634742739,"y":2.4992175102233888,"z":-1.8752516508102418},"rotation":{"x":-0.0008763956720940769,"y":-0.8701143860816956,"z":0.0015843069413676859,"w":-0.49288687109947207},"size":2.9013712406158449,"orthographic":false}