{"cameraMode":{"drawMode":0,"name":"Shaded","section":"Shading Mode"},"sceneLighting":false,"audioPlay":false,"sceneViewState":{"m_AlwaysRefresh":false,"showFog":true,"showSkybox":false,"showFlares":true,"showImageEffects":true,"showParticleSystems":true,"showVisualEffectGraphs":true,"m_FxEnabled":true},"in2DMode":false,"pivot":{"x":-3.9300425052642824,"y":2.4989864826202394,"z":-6.239988803863525},"rotation":{"x":-0.001769214984960854,"y":-0.8422402739524841,"z":0.0027981260791420938,"w":-0.5391295552253723},"size":1.3738421201705933,"orthographic":false}